{"stats":{"minecraft:used":{"minecraft:stone_bricks":704,"minecraft:redstone_torch":30,"minecraft:water_bucket":3,"minecraft:white_wool":8,"minecraft:black_concrete":3,"minecraft:lava_bucket":7,"minecraft:redstone_lamp":11,"minecraft:command_block":55,"minecraft:wither_skeleton_skull":16,"minecraft:red_bed":1,"minecraft:grass_block":8,"minecraft:redstone":28,"minecraft:oak_button":28,"minecraft:stone_button":2,"minecraft:oak_sign":71,"minecraft:stone_pressure_plate":7,"minecraft:tuff":6,"minecraft:iron_door":12},"minecraft:custom":{"minecraft:time_since_rest":24493,"minecraft:crouch_one_cm":1566,"minecraft:damage_taken":1270,"minecraft:sprint_one_cm":32654,"minecraft:play_time":214765,"minecraft:deaths":53,"minecraft:walk_one_cm":350687,"minecraft:sneak_time":1024,"minecraft:walk_under_water_one_cm":138,"minecraft:drop":1,"minecraft:boat_one_cm":409,"minecraft:jump":333,"minecraft:minecart_one_cm":3341,"minecraft:leave_game":4,"minecraft:walk_on_water_one_cm":1127,"minecraft:time_since_death":24435,"minecraft:total_world_time":230489,"minecraft:fall_one_cm":1897,"minecraft:fly_one_cm":195306},"minecraft:dropped":{"minecraft:iron_door":1},"minecraft:picked_up":{"minecraft:feather":14,"minecraft:chicken":21,"minecraft:stone_button":1,"minecraft:redstone":1,"minecraft:dirt":16,"minecraft:stone_pressure_plate":1}},"DataVersion":2975}